Language,langCode,regionCode,accent
Amharic,am-ET,ET,
Egyptian Arabic,ar-EG,EG,Egyptian
Hausa,ha-NG,NG,
Levantine Arabic,ar-XA,LB,Levantine
Modern Standard Arabic,ar-XA,EG,Modern Standard
Sudanese Arabic,ar-XA,SD,Sudanese
Vietnamese,vi-VN,VN,
Indonesian,id-ID,ID,
Javanese,jv-ID,ID,
Tagalog,fil-PH,PH,
Kannada,kn-IN,IN,
Tamil,ta-IN,IN,
Telugu,te-IN,IN,
Bengali,bn-BD,BD,
Bhojpuri,bho-IN,IN,Bhojpuri
English,en-GB,GB,British
French,fr-FR,FR,
Gujarati,gu-IN,IN,
Hindi,hi-IN,IN,
Persian,fa-IR,IR,
Italian,it-IT,IT,
Marathi,mr-IN,IN,
Portuguese,pt-BR,BR,
Russian,ru-RU,RU,
Spanish,es-ES,ES,
German,de-DE,DE,
Urdu,ur-PK,PK,
Punjabi,pa-PK,PK,Western Punjabi
Japanese,ja-JP,JP,
Korean,ko-KR,KR,
Thai,th-TH,TH,
Swahili,sw-KE,KE,
Mandarin,zh-Hant,CN,Mandarin
Wu,zh-Hant,CN,Wu
Yue,yue-HK,HK,Cantonese
Turkish,tr-TR,TR,
Hungarian,hu-HU,HU,
Basque,eu-ES,ES,
Finnish,fi-FI,FI,
Estonian,et-EE,EE,
Czech,cs-CZ,CZ,
Slovak,sk-SK,SK,
Hmong,vi-VN,VN,Hmong
Polish,pl-PL,PL,
Lingala,ln-CD,CD,
Igbo,ig-NG,NG,
Yoruba,yo-NG,NG,
Malay,ms-MY,MY,
Sundanese,jv-ID,ID,Sundanese
Northern Uzbek,uz-UZ,UZ,
Algerian Arabic,ar-XA,DZ,Algerian
Moroccan Arabic,ar-XA,MA,Moroccan
Sindhi,sd-PK,PK,
Saraiki,pa-PK,PK,Saraiki
Jin,zh-Hant,CN,Jin
Min Nan,zh-Hant,TW,Min Nan
Hakka,zh-Hant,CN,Hakka
Xiang,zh-Hant,CN,Xiang
Mongolian,mn-MN,MN,
Burmese,my-MM,MM,
Odia,or-IN,IN,
Nepali,ne-NP,NP,
Malayalam,ml-IN,IN,
Ukrainian,uk-UA,UA,
Greek,el-GR,GR,